{"initial_reset_timestamp": 1608224066.030329, "timestamps": [1608224074.9793036], "episode_lengths": [262], "episode_rewards": [257.18254057331353], "episode_types": ["t"]}